{
  "start": 0.0,
  "duration": 0.0619375,
  "step": 0.016875
}